Workbook

Sheet Sheet2
C3: Sum of Converted Qty | E3: Column Labels
C4: Row Labels | E4: I1202-25110030 | F4: I1202-25110031 | G4: I1202-25110032 | H4: (blank) | I4: Grand Total | J4: PHY QTY | K4: E & S
A5: IN | B5: 1 | C5: 01S0158511-03 | D5: =VLOOKUP(C5,Sheet1!K:M,3,) -> RES-MS-SMD 0R15-1%-RLP2512-2W-55-170℃-TC50 | E5: 4000 | I5: 4000 | J5: =4000*1 -> 4000 | K5: =+J5-I5 -> 0
A6: IN | B6: 2 | C6: 01S1001K11-00 | D6: =VLOOKUP(C6,Sheet1!K:M,3,) -> RES-MO-SMD 1K-1%-0402-63mW-55-155℃-TC100 | E6: 10000 | I6: 10000 | J6: 10000 | K6: =+J6-I6 -> 0
A7: IN | B7: 3 | C7: 01S1003K11-00 | D7: =VLOOKUP(C7,Sheet1!K:M,3,) -> RES-MO-SMD 100K-1%-0402-63mW-55-155℃-TC100 | E7: 10000 | I7: 10000 | J7: =10000*1 -> 10000 | K7: =+J7-I7 -> 0
A8: IN | B8: 4 | C8: 01S1202K11-00 | D8: =VLOOKUP(C8,Sheet1!K:M,3,) -> RES-MO-SMD 12K-1%-0402-63mW-55-155℃-TC100 | E8: 10000 | I8: 10000 | J8: =10000*1 -> 10000 | K8: =+J8-I8 -> 0
A9: IN | B9: 5 | C9: 01S2001K11-00 | D9: =VLOOKUP(C9,Sheet1!K:M,3,) -> RES-MO-SMD 2K-1%-0402-63mW-55-155℃-TC100 | E9: 10000 | I9: 10000 | J9: 10000 | K9: =+J9-I9 -> 0
A10: IN | B10: 6 | C10: 01S3901110-00 | D10: =VLOOKUP(C10,Sheet1!K:M,3,) -> RES-MO-SMD 3K9-1%-1206-250mW-55-155℃-TC100 | E10: 5000 | I10: 5000 | J10: 5000 | K10: =+J10-I10 -> 0
A11: IN | B11: 7 | C11: 02S1020530-00 | D11: =VLOOKUP(C11,Sheet1!K:M,3,) -> CAP-CER-SMD 1N-10%-50V-0603-X7R | F11: 4000 | I11: 4000 | J11: 4000 | K11: =+J11-I11 -> 0
A12: IN | B12: 8 | C12: 02S2250360-00 | D12: =VLOOKUP(C12,Sheet1!K:M,3,) -> CAP-CER-SMD 2U2-10%-25V-0805-X7R | E12: 2000 | I12: 2000 | J12: 2000 | K12: =+J12-I12 -> 0
A13: IN | B13: 9 | C13: 03S3216003-13 | D13: =VLOOKUP(C13,Sheet1!K:M,3,) -> Idc=26A Rdc=0.6mΩ 3230 -40~125℃ Packing:Reel | E13: 1000 | I13: 1000 | J13: =1000*1 -> 1000 | K13: =+J13-I13 -> 0
A14: IN | B14: 10 | C14: 05S1600000-06 | D14: =VLOOKUP(C14,Sheet1!K:M,3,) -> SEM-SWD-SMD 75V-100mA-150℃-SOD-323 | F14: 18000 | I14: 18000 | J14: =3000*6 -> 18000 | K14: =+J14-I14 -> 0
A15: IN | B15: 11 | C15: 05S5243100-18 | D15: =VLOOKUP(C15,Sheet1!K:M,3,) -> SEM-ZD-SMD 13V-5%-9.5mA-0.5W-SOD-123 | E15: 3000 | I15: 3000 | J15: 3000 | K15: =+J15-I15 -> 0
A16: IN | B16: 12 | C16: 06S2907001-10 | D16: =VLOOKUP(C16,Sheet1!K:M,3,) -> SEM-PNP-SMD 60V-0.6A-150℃-SOT23 | G16: 3000 | I16: 3000 | J16: 3000 | K16: =+J16-I16 -> 0
A17: IN | B17: 13 | C17: 06S2907001-24 | D17: =VLOOKUP(C17,Sheet1!K:M,3,) -> SEM-PNP-SMD 60V-0.6A-150℃-SOT-23 | E17: 3000 | I17: 3000 | J17: 3000 | K17: =+J17-I17 -> 0
A18: IN | B18: 14 | C18: 06S5616001-20 | D18: =VLOOKUP(C18,Sheet1!K:M,3,) -> SEM-NPN-SMD 80V-1A-150℃-SOT-89 | F18: 4000 | I18: 4000 | J18: =4000*1 -> 4000 | K18: =+J18-I18 -> 0
A19: IN | B19: 15 | C19: 06S6036001-07 | D19: =VLOOKUP(C19,Sheet1!K:M,3,) -> SEM-N-MOS-SMD 600V-9A-0R36-150℃-TO-252-3 | G19: 2500 | I19: 2500 | J19: =2500*1 -> 2500 | K19: =+J19-I19 -> 0
A20: IN | B20: 16 | C20: 07S1399201-02 | D20: =VLOOKUP(C20,Sheet1!K:M,3,) -> IC-PWM-Contr-SMD NCP1399ACDR2G 125℃-SOIC-16 | E20: 2500 | I20: 2500 | J20: =2500*1 -> 2500 | K20: =+J20-I20 -> 0
A21: IN | B21: 17 | C21: 07S4311001-55 | D21: =VLOOKUP(C21,Sheet1!K:M,3,) -> IC-Vol-Reg-SMD LR431ATLT1G-125℃-SOT23-3 | F21: 3000 | I21: 3000 | J21: 3000 | K21: =+J21-I21 -> 0
A22: IN | B22: 18 | C22: 13J0000044000 | D22: =VLOOKUP(C22,Sheet1!K:M,3,) -> 247*193*1.6 FR-4 1/2 60PP SMT 88.28% | G22: 1020 | I22: 1020 | J22: =1020*1 -> 1020 | K22: =+J22-I22 -> 0
A23: IN | B23: 19 | C23: 13J0000044100 | D23: =VLOOKUP(C23,Sheet1!K:M,3,) -> 233.5*193*1.6 FR-4 1/2 60PP SMT 83.45%-4 | F23: 1200 | I23: 1200 | J23: =1020+180 -> 1200 | K23: =+J23-I23 -> 0
A24: IN | B24: 20 | C24: 25A2540801-00 | D24: =VLOOKUP(C24,Sheet1!K:M,3,) -> IN-PIN HEADER-RAD 1x8-LS2.54-PA6T(Copper Alloy) | G24: 1000 | I24: 1000 | J24: 1000 | K24: =+J24-I24 -> 0
A25: IN | B25: 21 | C25: 25S2540802-00 | D25: =VLOOKUP(C25,Sheet1!K:M,3,) -> IN-PIN HEADER-SMD 1x8-LS2.54-PA6T(Copper Alloy) | F25: 2000 | I25: 2000 | J25: =1000*2 -> 2000 | K25: =+J25-I25 -> 0
C26: (blank) | D26: =VLOOKUP(C26,Sheet1!K:M,3,) -> #N/A | K26: =+J26-I26 -> 0
C27: Grand Total | D27: =VLOOKUP(C27,Sheet1!K:M,3,) -> #N/A | E27: 60500 | F27: 32200 | G27: 7520 | I27: 100220 | K27: =+J27-I27 -> -100220

Sheet Sheet1
A1: Transfer Doc. | B1: Transfer Date | C1: Post or Not? | D1: Confirmation | E1: Dept | F1: Employee Name | G1: Applicant | H1: Department Name | I1: Remark | J1: Line No. | K1: Item No. | L1: Item Name | M1: Item Specification | N1: Transfer-out WH | O1: Store Name | P1: Transfer-out Lot | Q1: Transfer-Out Qty (Estimated) | R1: Inventory Unit | S1: Converted Qty | T1: Transfer-in WH | U1: Store Name | V1: Transfer-in Lot | W1: Custom Field - Value | X1: Custom Field - Value | Y1: Custom Field - Text | Z1: Custom Fields - Integer | AA1: Custom Field - Textedit
A2: I1202-25110030 | B2: 25/11/26 | C2: Y | D2: Y | E2: 80007 | F2: Sarvesh Joshi | G2: M000271 | H2: Stores | J2: 1 | K2: 02S2250360-00 | L2: CHIP CAP | M2: CAP-CER-SMD 2U2-10%-25V-0805-X7R | N2: 3000I | O2: Material Warehouse | P2: 20250819 | Q2: 2000 | R2: PCS | S2: 2000 | T2: 6001I | U2: Kinetic W/H | V2: 20250819 | W2: 0 | X2: 0 | Z2: 0
A3: I1202-25110030 | B3: 25/11/26 | C3: Y | D3: Y | E3: 80007 | F3: Sarvesh Joshi | G3: M000271 | H3: Stores | J3: 2 | K3: 06S2907001-24 | L3: CHIP Transistor-(LMBT2907ALT1G) | M3: SEM-PNP-SMD 60V-0.6A-150℃-SOT-23 | N3: 3000I | O3: Material Warehouse | P3: 20250819 | Q3: 3000 | R3: PCS | S3: 3000 | T3: 6001I | U3: Kinetic W/H | V3: 20250819 | W3: 0 | X3: 0 | Z3: 0
A4: I1202-25110030 | B4: 25/11/26 | C4: Y | D4: Y | E4: 80007 | F4: Sarvesh Joshi | G4: M000271 | H4: Stores | J4: 3 | K4: 01S2001K11-00 | L4: CHIP RES | M4: RES-MO-SMD 2K-1%-0402-63mW-55-155℃-TC100 | N4: 3000I | O4: Material Warehouse | P4: 20251031 | Q4: 10000 | R4: PCS | S4: 10000 | T4: 6001I | U4: Kinetic W/H | V4: 20251031 | W4: 0 | X4: 0 | Z4: 0
A5: I1202-25110030 | B5: 25/11/26 | C5: Y | D5: Y | E5: 80007 | F5: Sarvesh Joshi | G5: M000271 | H5: Stores | J5: 4 | K5: 01S1202K11-00 | L5: CHIP RES | M5: RES-MO-SMD 12K-1%-0402-63mW-55-155℃-TC100 | N5: 3000I | O5: Material Warehouse | P5: 20250919 | Q5: 10000 | R5: PCS | S5: 10000 | T5: 6001I | U5: Kinetic W/H | V5: 20250919 | W5: 0 | X5: 0 | Z5: 0
A6: I1202-25110030 | B6: 25/11/26 | C6: Y | D6: Y | E6: 80007 | F6: Sarvesh Joshi | G6: M000271 | H6: Stores | J6: 5 | K6: 01S0158511-03 | L6: CHIP RES(Metal Alloy) | M6: RES-MS-SMD 0R15-1%-RLP2512-2W-55-170℃-TC50 | N6: 3000I | O6: Material Warehouse | P6: 20251031 | Q6: 4000 | R6: PCS | S6: 4000 | T6: 6001I | U6: Kinetic W/H | V6: 20251031 | W6: 0 | X6: 0 | Z6: 0
A7: I1202-25110030 | B7: 25/11/26 | C7: Y | D7: Y | E7: 80007 | F7: Sarvesh Joshi | G7: M000271 | H7: Stores | J7: 6 | K7: 05S5243100-18 | L7: CHIP Zener Diode-(MMSZ5243B-TP/LMSZ5243BT1G) | M7: SEM-ZD-SMD 13V-5%-9.5mA-0.5W-SOD-123 | N7: 3000I | O7: Material Warehouse | P7: 20251031 | Q7: 3000 | R7: PCS | S7: 3000 | T7: 6001I | U7: Kinetic W/H | V7: 20251031 | W7: 0 | X7: 0 | Z7: 0
A8: I1202-25110030 | B8: 25/11/26 | C8: Y | D8: Y | E8: 80007 | F8: Sarvesh Joshi | G8: M000271 | H8: Stores | J8: 7 | K8: 03S3216003-13 | L8: CHIP Bead Core | M8: Idc=26A Rdc=0.6mΩ 3230 -40~125℃ Packing:Reel | N8: 3000I | O8: Material Warehouse | P8: 20240925 | Q8: 1000 | R8: PCS | S8: 1000 | T8: 6001I | U8: Kinetic W/H | V8: 20240925 | W8: 0 | X8: 0 | Z8: 0
A9: I1202-25110030 | B9: 25/11/26 | C9: Y | D9: Y | E9: 80007 | F9: Sarvesh Joshi | G9: M000271 | H9: Stores | J9: 8 | K9: 07S1399201-02 | L9: CHIP PWM IC | M9: IC-PWM-Contr-SMD NCP1399ACDR2G 125℃-SOIC-16 | N9: 3000I | O9: Material Warehouse | P9: 20250819 | Q9: 2500 | R9: PCS | S9: 2500 | T9: 6001I | U9: Kinetic W/H | V9: 20250819 | W9: 0 | X9: 0 | Z9: 0
A10: I1202-25110030 | B10: 25/11/26 | C10: Y | D10: Y | E10: 80007 | F10: Sarvesh Joshi | G10: M000271 | H10: Stores | J10: 9 | K10: 01S3901110-00 | L10: CHIP RES | M10: RES-MO-SMD 3K9-1%-1206-250mW-55-155℃-TC100 | N10: 3000I | O10: Material Warehouse | P10: 20251031 | Q10: 5000 | R10: PCS | S10: 5000 | T10: 6001I | U10: Kinetic W/H | V10: 20251031 | W10: 0 | X10: 0 | Z10: 0
A11: I1202-25110030 | B11: 25/11/26 | C11: Y | D11: Y | E11: 80007 | F11: Sarvesh Joshi | G11: M000271 | H11: Stores | J11: 10 | K11: 01S1001K11-00 | L11: CHIP RES | M11: RES-MO-SMD 1K-1%-0402-63mW-55-155℃-TC100 | N11: 3000I | O11: Material Warehouse | P11: 20251031 | Q11: 10000 | R11: PCS | S11: 10000 | T11: 6001I | U11: Kinetic W/H | V11: 20251031 | W11: 0 | X11: 0 | Z11: 0
A12: I1202-25110030 | B12: 25/11/26 | C12: Y | D12: Y | E12: 80007 | F12: Sarvesh Joshi | G12: M000271 | H12: Stores | J12: 11 | K12: 01S1003K11-00 | L12: CHIP RES | M12: RES-MO-SMD 100K-1%-0402-63mW-55-155℃-TC100 | N12: 3000I | O12: Material Warehouse | P12: 20250919 | Q12: 10000 | R12: PCS | S12: 10000 | T12: 6001I | U12: Kinetic W/H | V12: 20250919 | W12: 0 | X12: 0 | Z12: 0
A13: I1202-25110031 | B13: 25/11/26 | C13: Y | D13: Y | E13: 80007 | F13: Sarvesh Joshi | G13: M000271 | H13: Stores | J13: 1 | K13: 06S5616001-20 | L13: CHIP Transistor-(BCX56-16) | M13: SEM-NPN-SMD 80V-1A-150℃-SOT-89 | N13: 3000I | O13: Material Warehouse | P13: 20250919 | Q13: 4000 | R13: PCS | S13: 4000 | T13: 6001I | U13: Kinetic W/H | V13: 20250919 | W13: 0 | X13: 0 | Z13: 0
... A23: I1202-25110032 | B23: 25/11/26 | C23: Y | D23: Y | E23: 80007 | F23: Sarvesh Joshi | G23: M000271 | H23: Stores | J23: 4 | K23: 13J0000044000 | L23: S-CARD PCB(CDC-CAN075R REV:V3.0) | M23: 247*193*1.6 FR-4 1/2 60PP SMT 88.28% | N23: 3000I | O23: Material Warehouse | P23: 20240807 | Q23: 1020 | R23: PCS | S23: 1020 | T23: 6001I | U23: Kinetic W/H | V23: 20240807 | W23: 0 | X23: 0 | Z23: 0
