Workbook

Sheet final sheet
A1: IMC/JW/25090028,IMC/JW/25090029,IMC/JW/25090030,IMC/JW/25090031
C3: Sum of Converted Qty | E3: Column Labels
C4: Row Labels | E4: IMC/JW/25090028 | F4: IMC/JW/25090029 | G4: IMC/JW/25090030 | H4: IMC/JW/25090031 | I4: (blank) | J4: Grand Total | K4: PHY QTY | L4: E & S | N4: KEM PART CODE | O4: SR.NO
A5: IN | B5: 1 | C5: 01S0000K21-00 | D5: =+VLOOKUP(C5,Sheet1!K:M,3,) -> RES-MO-SMD 0R-5%-0402-63mW-55-155℃-TC400 | E5: 30000 | J5: 30000 | K5: =10000*3 -> 30000 | L5: =+K5-J5 -> 0 | N5: =+CONCATENATE(A5,C5) -> IN01S0000K21-00 | O5: 1 | Q5: =+VLOOKUP(N5,Sheet2!A:A,1,) -> IN01S0000K21-00
A6: IN | B6: 2 | C6: 01S1000110-00 | D6: =+VLOOKUP(C6,Sheet1!K:M,3,) -> RES-MO-SMD 100R-1%-1206-250mW-55-155℃-TC100 | E6: 5000 | J6: 5000 | K6: =5000*1 -> 5000 | L6: =+K6-J6 -> 0 | N6: =+CONCATENATE(A6,C6) -> IN01S1000110-00 | O6: 2 | Q6: =+VLOOKUP(N6,Sheet2!A:A,1,) -> IN01S1000110-00
A7: IN | B7: 3 | C7: 01S1001310-00 | D7: =+VLOOKUP(C7,Sheet1!K:M,3,) -> RES-MO-SMD 1K-1%-0603-100mW-55-155℃-TC100 | E7: 15000 | J7: 15000 | K7: =5000*3 -> 15000 | L7: =+K7-J7 -> 0 | N7: =+CONCATENATE(A7,C7) -> IN01S1001310-00 | O7: 3 | Q7: =+VLOOKUP(N7,Sheet2!A:A,1,) -> IN01S1001310-00
A8: IN | B8: 4 | C8: 01S1002110-00 | D8: =+VLOOKUP(C8,Sheet1!K:M,3,) -> RES-MO-SMD 10K-1%-1206-250mW-55-155℃-TC100 | E8: 10000 | J8: 10000 | K8: =5000*2 -> 10000 | L8: =+K8-J8 -> 0 | N8: =+CONCATENATE(A8,C8) -> IN01S1002110-00 | O8: 4 | Q8: =+VLOOKUP(N8,Sheet2!A:A,1,) -> IN01S1002110-00
A9: IN | B9: 5 | C9: 01S1002310-00 | D9: =+VLOOKUP(C9,Sheet1!K:M,3,) -> RES-MO-SMD 10K-1%-0603-100mW-55-155℃-TC100 | E9: 30000 | J9: 30000 | K9: =5000*6 -> 30000 | L9: =+K9-J9 -> 0 | N9: =+CONCATENATE(A9,C9) -> IN01S1002310-00 | O9: 5 | Q9: =+VLOOKUP(N9,Sheet2!A:A,1,) -> IN01S1002310-00
A10: IN | B10: 6 | C10: 01S1002340-00 | D10: =+VLOOKUP(C10,Sheet1!K:M,3,) -> RES-MT-SMD 10K-0.1%-0603-100mW-55-155℃-TC50 | F10: 5000 | J10: 5000 | K10: =5000*1 -> 5000 | L10: =+K10-J10 -> 0 | N10: =+CONCATENATE(A10,C10) -> IN01S1002340-00 | O10: 6 | Q10: =+VLOOKUP(N10,Sheet2!A:A,1,) -> IN01S1002340-00
A11: IN | B11: 7 | C11: 01S1003310-00 | D11: =+VLOOKUP(C11,Sheet1!K:M,3,) -> RES-MO-SMD 100K-1%-0603-100mW-55-155℃-TC100 | E11: 20000 | J11: 20000 | K11: =5000*4 -> 20000 | L11: =+K11-J11 -> 0 | N11: =+CONCATENATE(A11,C11) -> IN01S1003310-00 | O11: 7 | Q11: =+VLOOKUP(N11,Sheet2!A:A,1,) -> IN01S1003310-00
A12: IN | B12: 8 | C12: 01S1003311-13 | D12: =+VLOOKUP(C12,Sheet1!K:M,3,) -> RES-NTC-SMD 100K-1%-84V-4050K-2.5A-0603 | E12: 8000 | J12: 8000 | K12: =4000*2 -> 8000 | L12: =+K12-J12 -> 0 | N12: =+CONCATENATE(A12,C12) -> IN01S1003311-13 | O12: 8 | Q12: =+VLOOKUP(N12,Sheet2!A:A,1,) -> IN01S1003311-13
A13: IN | B13: 9 | C13: 01S1004310-00 | D13: =+VLOOKUP(C13,Sheet1!K:M,3,) -> RES-MO-SMD 1M-1%-0603-100mW-55-155℃-TC100 | G13: 10000 | J13: 10000 | K13: =5000*2 -> 10000 | L13: =+K13-J13 -> 0 | N13: =+CONCATENATE(A13,C13) -> IN01S1004310-00 | O13: 9 | Q13: =+VLOOKUP(N13,Sheet2!A:A,1,) -> IN01S1004310-00
A14: IN | B14: 10 | C14: 01S1007121-02 | D14: =+VLOOKUP(C14,Sheet1!K:M,3,) -> RES-Anti Surge-SMD 10R-5%-1206-250mW-55-155℃-TC400 | G14: 10000 | J14: 10000 | K14: =5000*2 -> 10000 | L14: =+K14-J14 -> 0 | N14: =+CONCATENATE(A14,C14) -> IN01S1007121-02 | O14: 10 | Q14: =+VLOOKUP(N14,Sheet2!A:A,1,) -> IN01S1007121-02
A15: IN | B15: 11 | C15: 01S1101310-00 | D15: =+VLOOKUP(C15,Sheet1!K:M,3,) -> RES-MO-SMD 1K1-1%-0603-100mW-55-155℃-TC100 | G15: 10000 | J15: 10000 | K15: =5000*2 -> 10000 | L15: =+K15-J15 -> 0 | N15: =+CONCATENATE(A15,C15) -> IN01S1101310-00 | O15: 11 | Q15: =+VLOOKUP(N15,Sheet2!A:A,1,) -> IN01S1101310-00
A16: IN | B16: 12 | C16: 01S1103110-00 | D16: =+VLOOKUP(C16,Sheet1!K:M,3,) -> RES-MO-SMD 110K-1%-1206-250mW-55-155℃-TC100 | G16: 15000 | J16: 15000 | K16: =5000*3 -> 15000 | L16: =+K16-J16 -> 0 | N16: =+CONCATENATE(A16,C16) -> IN01S1103110-00 | O16: 12 | Q16: =+VLOOKUP(N16,Sheet2!A:A,1,) -> IN01S1103110-00
A17: IN | B17: 13 | C17: 01S1204111-00 | D17: =+VLOOKUP(C17,Sheet1!K:M,3,) -> RES-MO-SMD 1M2-1%-1206-250mW-55-155℃-TC250 | F17: 10000 | J17: 10000 | K17: =5000*2 -> 10000 | L17: =+K17-J17 -> 0 | N17: =+CONCATENATE(A17,C17) -> IN01S1204111-00 | O17: 13 | Q17: =+VLOOKUP(N17,Sheet2!A:A,1,) -> IN01S1204111-00
A18: IN | B18: 14 | C18: 01S1303110-00 | D18: =+VLOOKUP(C18,Sheet1!K:M,3,) -> RES-MO-SMD 130K-1%-1206-250mW-55-155℃-TC100 | G18: 120000 | J18: 120000 | K18: =5000*20+5000*4 -> 120000 | L18: =+K18-J18 -> 0 | N18: =+CONCATENATE(A18,C18) -> IN01S1303110-00 | O18: 14 | Q18: =+VLOOKUP(N18,Sheet2!A:A,1,) -> IN01S1303110-00
A19: IN | B19: 15 | C19: 01S1501310-00 | D19: =+VLOOKUP(C19,Sheet1!K:M,3,) -> RES-MO-SMD 1K5-1%-0603-100mW-55-155℃-TC100 | G19: 5000 | J19: 5000 | K19: =5000*1 -> 5000 | L19: =+K19-J19 -> 0 | N19: =+CONCATENATE(A19,C19) -> IN01S1501310-00 | O19: 15 | Q19: =+VLOOKUP(N19,Sheet2!A:A,1,) -> IN01S1501310-00
A20: IN | B20: 16 | C20: 01S1502110-00 | D20: =+VLOOKUP(C20,Sheet1!K:M,3,) -> RES-MO-SMD 15K-1%-1206-250mW-55-155℃-TC100 | H20: 20000 | J20: 20000 | K20: =5000*4 -> 20000 | L20: =+K20-J20 -> 0 | N20: =+CONCATENATE(A20,C20) -> IN01S1502110-00 | O20: 16 | Q20: =+VLOOKUP(N20,Sheet2!A:A,1,) -> IN01S1502110-00
A21: IN | B21: 17 | C21: 01S1502310-00 | D21: =+VLOOKUP(C21,Sheet1!K:M,3,) -> RES-MO-SMD 15K-1%-0603-100mW-55-155℃-TC100 | G21: 15000 | J21: 15000 | K21: =5000*3 -> 15000 | L21: =+K21-J21 -> 0 | N21: =+CONCATENATE(A21,C21) -> IN01S1502310-00 | O21: 17 | Q21: =+VLOOKUP(N21,Sheet2!A:A,1,) -> IN01S1502310-00
A22: IN | B22: 18 | C22: 01S1503110-00 | D22: =+VLOOKUP(C22,Sheet1!K:M,3,) -> RES-MO-SMD 150K-1%-1206-250mW-55-155℃-TC100 | H22: 25000 | J22: 25000 | K22: =5000*5 -> 25000 | L22: =+K22-J22 -> 0 | N22: =+CONCATENATE(A22,C22) -> IN01S1503110-00 | O22: 18 | Q22: =+VLOOKUP(N22,Sheet2!A:A,1,) -> IN01S1503110-00
A23: IN | B23: 19 | C23: 01S1503210-00 | D23: =+VLOOKUP(C23,Sheet1!K:M,3,) -> RES-MO-SMD 150K-1%-0805-125mW-55-155℃-TC100 | F23: 5000 | J23: 5000 | K23: =5000*1 -> 5000 | L23: =+K23-J23 -> 0 | N23: =+CONCATENATE(A23,C23) -> IN01S1503210-00 | O23: 19 | Q23: =+VLOOKUP(N23,Sheet2!A:A,1,) -> IN01S1503210-00
A24: IN | B24: 20 | C24: 01S1503310-00 | D24: =+VLOOKUP(C24,Sheet1!K:M,3,) -> RES-MO-SMD 150K-1%-0603-100mW-55-155℃-TC100 | H24: 15000 | J24: 15000 | K24: =5000*3 -> 15000 | L24: =+K24-J24 -> 0 | N24: =+CONCATENATE(A24,C24) -> IN01S1503310-00 | O24: 20 | Q24: =+VLOOKUP(N24,Sheet2!A:A,1,) -> IN01S1503310-00
A25: IN | B25: 21 | C25: 01S1603310-00 | D25: =+VLOOKUP(C25,Sheet1!K:M,3,) -> RES-MO-SMD 160K-1%-0603-100mW-55-155℃-TC100 | F25: 10000 | J25: 10000 | K25: =5000*2 -> 10000 | L25: =+K25-J25 -> 0 | N25: =+CONCATENATE(A25,C25) -> IN01S1603310-00 | O25: 21 | Q25: =+VLOOKUP(N25,Sheet2!A:A,1,) -> IN01S1603310-00
A26: IN | B26: 22 | C26: 01S1802310-00 | D26: =+VLOOKUP(C26,Sheet1!K:M,3,) -> RES-MO-SMD 18K-1%-0603-100mW-55-155℃-TC100 | F26: 30000 | J26: 30000 | K26: =5000*6 -> 30000 | L26: =+K26-J26 -> 0 | N26: =+CONCATENATE(A26,C26) -> IN01S1802310-00 | O26: 22 | Q26: =+VLOOKUP(N26,Sheet2!A:A,1,) -> IN01S1802310-00
A27: IN | B27: 23 | C27: 01S2001310-00 | D27: =+VLOOKUP(C27,Sheet1!K:M,3,) -> RES-MO-SMD 2K-1%-0603-100mW-55-155℃-TC100 | F27: 10000 | J27: 10000 | K27: =5000*2 -> 10000 | L27: =+K27-J27 -> 0 | N27: =+CONCATENATE(A27,C27) -> IN01S2001310-00 | O27: 23 | Q27: =+VLOOKUP(N27,Sheet2!A:A,1,) -> IN01S2001310-00
A28: IN | B28: 24 | C28: 01S2002310-00 | D28: =+VLOOKUP(C28,Sheet1!K:M,3,) -> RES-MO-SMD 20K-1%-0603-100mW-55-155℃-TC100 | H28: 15000 | J28: 15000 | K28: =5000*3 -> 15000 | L28: =+K28-J28 -> 0 | N28: =+CONCATENATE(A28,C28) -> IN01S2002310-00 | O28: 24 | Q28: =+VLOOKUP(N28,Sheet2!A:A,1,) -> IN01S2002310-00
A29: IN | B29: 25 | C29: 01S2003310-00 | D29: =+VLOOKUP(C29,Sheet1!K:M,3,) -> RES-MO-SMD 200K-1%-0603-100mW-55-155℃-TC100 | G29: 15000 | J29: 15000 | K29: =5000*3 -> 15000 | L29: =+K29-J29 -> 0 | N29: =+CONCATENATE(A29,C29) -> IN01S2003310-00 | O29: 25 | Q29: =+VLOOKUP(N29,Sheet2!A:A,1,) -> IN01S2003310-00
A30: IN | B30: 26 | C30: 01S2004310-00 | D30: =+VLOOKUP(C30,Sheet1!K:M,3,) -> RES-MO-SMD 2M-1%-0603-100mW-55-155℃-TC100 | G30: 10000 | J30: 10000 | K30: =5000*2 -> 10000 | L30: =+K30-J30 -> 0 | N30: =+CONCATENATE(A30,C30) -> IN01S2004310-00 | O30: 26 | Q30: =+VLOOKUP(N30,Sheet2!A:A,1,) -> IN01S2004310-00
A31: IN | B31: 27 | C31: 01S2007121-02 | D31: =+VLOOKUP(C31,Sheet1!K:M,3,) -> RES-Anti Surge-SMD 20R-5%-1206-250mW-55-155℃-TC200 | F31: 40000 | J31: 40000 | K31: =5000*8 -> 40000 | L31: =+K31-J31 -> 0 | N31: =+CONCATENATE(A31,C31) -> IN01S2007121-02 | O31: 27 | Q31: =+VLOOKUP(N31,Sheet2!A:A,1,) -> IN01S2007121-02
A32: IN | B32: 28 | C32: 01S2201310-00 | D32: =+VLOOKUP(C32,Sheet1!K:M,3,) -> RES-MO-SMD 2K2-1%-0603-100mW-55-155℃-TC100 | G32: 5000 | J32: 5000 | K32: =5000*1 -> 5000 | L32: =+K32-J32 -> 0 | N32: =+CONCATENATE(A32,C32) -> IN01S2201310-00 | O32: 28 | Q32: =+VLOOKUP(N32,Sheet2!A:A,1,) -> IN01S2201310-00
A33: IN | B33: 29 | C33: 01S2202310-00 | D33: =+VLOOKUP(C33,Sheet1!K:M,3,) -> RES-MO-SMD 22K-1%-0603-100mW-55-155℃-TC100 | G33: 10000 | J33: 10000 | K33: =5000*2 -> 10000 | L33: =+K33-J33 -> 0 | N33: =+CONCATENATE(A33,C33) -> IN01S2202310-00 | O33: 29 | Q33: =+VLOOKUP(N33,Sheet2!A:A,1,) -> IN01S2202310-00
A34: IN | B34: 30 | C34: 01S2203110-00 | D34: =+VLOOKUP(C34,Sheet1!K:M,3,) -> RES-MO-SMD 220K-1%-1206-250mW-55-155℃-TC100 | H34: 25000 | J34: 25000 | K34: =5000*5 -> 25000 | L34: =+K34-J34 -> 0 | N34: =+CONCATENATE(A34,C34) -> IN01S2203110-00 | O34: 30 | Q34: =+VLOOKUP(N34,Sheet2!A:A,1,) -> IN01S2203110-00
A35: IN | B35: 31 | C35: 01S2401310-00 | D35: =+VLOOKUP(C35,Sheet1!K:M,3,) -> RES-MO-SMD 2K4-1%-0603-100mW-55-155℃-TC100 | F35: 5000 | J35: 5000 | K35: =5000*1 -> 5000 | L35: =+K35-J35 -> 0 | N35: =+CONCATENATE(A35,C35) -> IN01S2401310-00 | O35: 31 | Q35: =+VLOOKUP(N35,Sheet2!A:A,1,) -> IN01S2401310-00
A36: IN | B36: 32 | C36: 01S2402310-00 | D36: =+VLOOKUP(C36,Sheet1!K:M,3,) -> RES-MO-SMD 24K-1%-0603-100mW-55-155℃-TC100 | H36: 15000 | J36: 15000 | K36: =5000*3 -> 15000 | L36: =+K36-J36 -> 0 | N36: =+CONCATENATE(A36,C36) -> IN01S2402310-00 | O36: 32 | Q36: =+VLOOKUP(N36,Sheet2!A:A,1,) -> IN01S2402310-00
A37: IN | B37: 33 | C37: 01S2403110-00 | D37: =+VLOOKUP(C37,Sheet1!K:M,3,) -> RES-MO-SMD 240K-1%-1206-250mW-55-155℃-TC100 | G37: 25000 | J37: 25000 | K37: =5000*5 -> 25000 | L37: =+K37-J37 -> 0 | N37: =+CONCATENATE(A37,C37) -> IN01S2403110-00 | O37: 33 | Q37: =+VLOOKUP(N37,Sheet2!A:A,1,) -> IN01S2403110-00
A38: IN | B38: 34 | C38: 01S2403310-00 | D38: =+VLOOKUP(C38,Sheet1!K:M,3,) -> RES-MO-SMD 240K-1%-0603-100mW-55-155℃-TC100 | H38: 10000 | J38: 10000 | K38: =5000*2 -> 10000 | L38: =+K38-J38 -> 0 | N38: =+CONCATENATE(A38,C38) -> IN01S2403310-00 | O38: 34 | Q38: =+VLOOKUP(N38,Sheet2!A:A,1,) -> IN01S2403310-00
A39: IN | B39: 35 | C39: 01S2404110-00 | D39: =+VLOOKUP(C39,Sheet1!K:M,3,) -> RES-MO-SMD 2M4-1%-1206-250mW-55-155℃-TC100 | G39: 50000 | J39: 50000 | K39: =5000*10 -> 50000 | L39: =+K39-J39 -> 0 | N39: =+CONCATENATE(A39,C39) -> IN01S2404110-00 | O39: 35 | Q39: =+VLOOKUP(N39,Sheet2!A:A,1,) -> IN01S2404110-00
A40: IN | B40: 36 | C40: 01S2702310-00 | D40: =+VLOOKUP(C40,Sheet1!K:M,3,) -> RES-MO-SMD 27K-1%-0603-100mW-55-155℃-TC100 | G40: 10000 | J40: 10000 | K40: =5000*2 -> 10000 | L40: =+K40-J40 -> 0 | N40: =+CONCATENATE(A40,C40) -> IN01S2702310-00 | O40: 36 | Q40: =+VLOOKUP(N40,Sheet2!A:A,1,) -> IN01S2702310-00
A41: IN | B41: 37 | C41: 01S3001310-00 | D41: =+VLOOKUP(C41,Sheet1!K:M,3,) -> RES-MO-SMD 3K-1%-0603-100mW-55-155℃-TC100 | H41: 5000 | J41: 5000 | K41: =5000*1 -> 5000 | L41: =+K41-J41 -> 0 | N41: =+CONCATENATE(A41,C41) -> IN01S3001310-00 | O41: 37 | Q41: =+VLOOKUP(N41,Sheet2!A:A,1,) -> IN01S3001310-00
A42: IN | B42: 38 | C42: 01S3002310-00 | D42: =+VLOOKUP(C42,Sheet1!K:M,3,) -> RES-MO-SMD 30K-1%-0603-100mW-55-155℃-TC100 | G42: 25000 | J42: 25000 | K42: =5000*5 -> 25000 | L42: =+K42-J42 -> 0 | N42: =+CONCATENATE(A42,C42) -> IN01S3002310-00 | O42: 38 | Q42: =+VLOOKUP(N42,Sheet2!A:A,1,) -> IN01S3002310-00
A43: IN | B43: 39 | C43: 01S3003110-00 | D43: =+VLOOKUP(C43,Sheet1!K:M,3,) -> RES-MO-SMD 300K-1%-1206-250mW-55-155℃-TC100 | G43: 30000 | J43: 30000 | K43: =5000*6 -> 30000 | L43: =+K43-J43 -> 0 | N43: =+CONCATENATE(A43,C43) -> IN01S3003110-00 | O43: 39 | Q43: =+VLOOKUP(N43,Sheet2!A:A,1,) -> IN01S3003110-00
A44: IN | B44: 40 | C44: 01S3003310-00 | D44: =+VLOOKUP(C44,Sheet1!K:M,3,) -> RES-MO-SMD 300K-1%-0603-100mW-55-155℃-TC100 | G44: 20000 | J44: 20000 | K44: =5000*4 -> 20000 | L44: =+K44-J44 -> 0 | N44: =+CONCATENATE(A44,C44) -> IN01S3003310-00 | O44: 40 | Q44: =+VLOOKUP(N44,Sheet2!A:A,1,) -> IN01S3003310-00
A45: IN | B45: 41 | C45: 01S3004310-00 | D45: =+VLOOKUP(C45,Sheet1!K:M,3,) -> RES-MO-SMD 3M-1%-0603-100mW-55-155℃-TC100 | G45: 10000 | J45: 10000 | K45: =5000*2 -> 10000 | L45: =+K45-J45 -> 0 | N45: =+CONCATENATE(A45,C45) -> IN01S3004310-00 | O45: 41 | Q45: =+VLOOKUP(N45,Sheet2!A:A,1,) -> IN01S3004310-00
A46: IN | B46: 42 | C46: 01S3301310-00 | D46: =+VLOOKUP(C46,Sheet1!K:M,3,) -> RES-MO-SMD 3K3-1%-0603-100mW-55-155℃-TC100 | G46: 10000 | J46: 10000 | K46: =5000*2 -> 10000 | L46: =+K46-J46 -> 0 | N46: =+CONCATENATE(A46,C46) -> IN01S3301310-00 | O46: 42 | Q46: =+VLOOKUP(N46,Sheet2!A:A,1,) -> IN01S3301310-00
A47: IN | B47: 43 | C47: 01S3601310-00 | D47: =+VLOOKUP(C47,Sheet1!K:M,3,) -> RES-MO-SMD 3K6-1%-0603-100mW-55-155℃-TC100 | G47: 20000 | J47: 20000 | K47: =5000*4 -> 20000 | L47: =+K47-J47 -> 0 | N47: =+CONCATENATE(A47,C47) -> IN01S3601310-00 | O47: 43 | Q47: =+VLOOKUP(N47,Sheet2!A:A,1,) -> IN01S3601310-00
A48: IN | B48: 44 | C48: 01S3602110-00 | D48: =+VLOOKUP(C48,Sheet1!K:M,3,) -> RES-MO-SMD 36K-1%-1206-250mW-55-155℃-TC100 | F48: 10000 | J48: 10000 | K48: =5000*2 -> 10000 | L48: =+K48-J48 -> 0 | N48: =+CONCATENATE(A48,C48) -> IN01S3602110-00 | O48: 44 | Q48: =+VLOOKUP(N48,Sheet2!A:A,1,) -> IN01S3602110-00
A49: IN | B49: 45 | C49: 01S4301310-00 | D49: =+VLOOKUP(C49,Sheet1!K:M,3,) -> RES-MO-SMD 4K3-1%-0603-100mW-55-155℃-TC100 | F49: 5000 | J49: 5000 | K49: =5000*1 -> 5000 | L49: =+K49-J49 -> 0 | N49: =+CONCATENATE(A49,C49) -> IN01S4301310-00 | O49: 45 | Q49: =+VLOOKUP(N49,Sheet2!A:A,1,) -> IN01S4301310-00
A50: IN | B50: 46 | C50: 01S4302310-00 | D50: =+VLOOKUP(C50,Sheet1!K:M,3,) -> RES-MO-SMD 43K-1%-0603-100mW-55-155℃-TC100 | G50: 10000 | J50: 10000 | K50: =5000*2 -> 10000 | L50: =+K50-J50 -> 0 | N50: =+CONCATENATE(A50,C50) -> IN01S4302310-00 | O50: 46 | Q50: =+VLOOKUP(N50,Sheet2!A:A,1,) -> IN01S4302310-00
A51: IN | B51: 47 | C51: 01S4707121-02 | D51: =+VLOOKUP(C51,Sheet1!K:M,3,) -> RES-Anti Surge-SMD 47R-5%-1206-250mW-55-155℃-TC200 | G51: 15000 | J51: 15000 | K51: =5000*3 -> 15000 | L51: =+K51-J51 -> 0 | N51: =+CONCATENATE(A51,C51) -> IN01S4707121-02 | O51: 47 | Q51: =+VLOOKUP(N51,Sheet2!A:A,1,) -> IN01S4707121-02
A52: IN | B52: 48 | C52: 01S5100310-00 | D52: =+VLOOKUP(C52,Sheet1!K:M,3,) -> RES-MO-SMD 510R-1%-0603-100mW-55-155℃-TC100 | F52: 5000 | J52: 5000 | K52: =5000*1 -> 5000 | L52: =+K52-J52 -> 0 | N52: =+CONCATENATE(A52,C52) -> IN01S5100310-00 | O52: 48 | Q52: =+VLOOKUP(N52,Sheet2!A:A,1,) -> IN01S5100310-00
A53: IN | B53: 49 | C53: 01S5101310-00 | D53: =+VLOOKUP(C53,Sheet1!K:M,3,) -> RES-MO-SMD 5K1-1%-0603-100mW-55-155℃-TC100 | G53: 10000 | J53: 10000 | K53: =5000*2 -> 10000 | L53: =+K53-J53 -> 0 | N53: =+CONCATENATE(A53,C53) -> IN01S5101310-00 | O53: 49 | Q53: =+VLOOKUP(N53,Sheet2!A:A,1,) -> IN01S5101310-00
A54: IN | B54: 50 | C54: 01S5102310-00 | D54: =+VLOOKUP(C54,Sheet1!K:M,3,) -> RES-MO-SMD 51K-1%-0603-100mW-55-155℃-TC100 | H54: 20000 | J54: 20000 | K54: =5000*4 -> 20000 | L54: =+K54-J54 -> 0 | N54: =+CONCATENATE(A54,C54) -> IN01S5102310-00 | O54: 50 | Q54: =+VLOOKUP(N54,Sheet2!A:A,1,) -> IN01S5102310-00
A55: IN | B55: 51 | C55: 01S5103111-00 | D55: =+VLOOKUP(C55,Sheet1!K:M,3,) -> RES-MO-SMD 510K-1%-1206-250mW-55-155℃-TC100 | H55: 15000 | J55: 15000 | K55: =5000*3 -> 15000 | L55: =+K55-J55 -> 0 | N55: =+CONCATENATE(A55,C55) -> IN01S5103111-00 | O55: 51 | Q55: =+VLOOKUP(N55,Sheet2!A:A,1,) -> IN01S5103111-00
A56: IN | B56: 52 | C56: 01S5107110-00 | D56: =+VLOOKUP(C56,Sheet1!K:M,3,) -> RES-MO-SMD 51R-1%-1206-250mW-55-155℃-TC100 | H56: 15000 | J56: 15000 | K56: =5000*3 -> 15000 | L56: =+K56-J56 -> 0 | N56: =+CONCATENATE(A56,C56) -> IN01S5107110-00 | O56: 52 | Q56: =+VLOOKUP(N56,Sheet2!A:A,1,) -> IN01S5107110-00
A57: IN | B57: 53 | C57: 01S5108121-02 | D57: =+VLOOKUP(C57,Sheet1!K:M,3,) -> RES-Anti Surge-SMD 5R1-5%-1206-250mW-55-155℃-TC400 | F57: 5000 | J57: 5000 | K57: =5000*1 -> 5000 | L57: =+K57-J57 -> 0 | N57: =+CONCATENATE(A57,C57) -> IN01S5108121-02 | O57: 53 | Q57: =+VLOOKUP(N57,Sheet2!A:A,1,) -> IN01S5108121-02
A58: IN | B58: 54 | C58: 01S5607121-02 | D58: =+VLOOKUP(C58,Sheet1!K:M,3,) -> RES-Anti Surge-SMD 56R-5%-1206-250mW-55-155℃-TC200 | H58: 25000 | J58: 25000 | K58: =5000*5 -> 25000 | L58: =+K58-J58 -> 0 | N58: =+CONCATENATE(A58,C58) -> IN01S5607121-02 | O58: 54 | Q58: =+VLOOKUP(N58,Sheet2!A:A,1,) -> IN01S5607121-02
A59: IN | B59: 55 | C59: 01S6801310-00 | D59: =+VLOOKUP(C59,Sheet1!K:M,3,) -> RES-MO-SMD 6K8-1%-0603-100mW-55-155℃-TC100 | H59: 10000 | J59: 10000 | K59: =5000*2 -> 10000 | L59: =+K59-J59 -> 0 | N59: =+CONCATENATE(A59,C59) -> IN01S6801310-00 | O59: 55 | Q59: =+VLOOKUP(N59,Sheet2!A:A,1,) -> IN01S6801310-00
A60: IN | B60: 56 | C60: 01S6802110-00 | D60: =+VLOOKUP(C60,Sheet1!K:M,3,) -> RES-MO-SMD 68K-1%-1206-250mW-55-155℃-TC100 | F60: 10000 | J60: 10000 | K60: =5000*2 -> 10000 | L60: =+K60-J60 -> 0 | N60: =+CONCATENATE(A60,C60) -> IN01S6802110-00 | O60: 56 | Q60: =+VLOOKUP(N60,Sheet2!A:A,1,) -> IN01S6802110-00
A61: IN | B61: 57 | C61: 01S7500310-00 | D61: =+VLOOKUP(C61,Sheet1!K:M,3,) -> RES-MO-SMD 750R-1%-0603-100mW-55-155℃-TC100 | H61: 10000 | J61: 10000 | K61: =5000*2 -> 10000 | L61: =+K61-J61 -> 0 | N61: =+CONCATENATE(A61,C61) -> IN01S7500310-00 | O61: 57 | Q61: =+VLOOKUP(N61,Sheet2!A:A,1,) -> IN01S7500310-00
A62: IN | B62: 58 | C62: 01S7501110-00 | D62: =+VLOOKUP(C62,Sheet1!K:M,3,) -> RES-MO-SMD 7K5-1%-1206-250mW-55-155℃-TC100 | H62: 10000 | J62: 10000 | K62: =5000*2 -> 10000 | L62: =+K62-J62 -> 0 | N62: =+CONCATENATE(A62,C62) -> IN01S7501110-00 | O62: 58 | Q62: =+VLOOKUP(N62,Sheet2!A:A,1,) -> IN01S7501110-00
A63: IN | B63: 59 | C63: 01S7501310-00 | D63: =+VLOOKUP(C63,Sheet1!K:M,3,) -> RES-MO-SMD 7K5-1%-0603-100mW-55-155℃-TC100 | H63: 20000 | J63: 20000 | K63: =5000*4 -> 20000 | L63: =+K63-J63 -> 0 | N63: =+CONCATENATE(A63,C63) -> IN01S7501310-00 | O63: 59 | Q63: =+VLOOKUP(N63,Sheet2!A:A,1,) -> IN01S7501310-00
A64: IN | B64: 60 | C64: 01S7502310-00 | D64: =+VLOOKUP(C64,Sheet1!K:M,3,) -> RES-MO-SMD 75K-1%-0603-100mW-55-155℃-TC100 | F64: 5000 | J64: 5000 | K64: =5000*1 -> 5000 | L64: =+K64-J64 -> 0 | N64: =+CONCATENATE(A64,C64) -> IN01S7502310-00 | O64: 60 | Q64: =+VLOOKUP(N64,Sheet2!A:A,1,) -> IN01S7502310-00
A65: IN | B65: 61 | C65: 01S7503111-00 | D65: =+VLOOKUP(C65,Sheet1!K:M,3,) -> RES-MO-SMD 750K-1%-1206-250mW-55-155℃-TC100 | H65: 35000 | J65: 35000 | K65: =5000*2+5000*5 -> 35000 | L65: =+K65-J65 -> 0 | N65: =+CONCATENATE(A65,C65) -> IN01S7503111-00 | O65: 61 | Q65: =+VLOOKUP(N65,Sheet2!A:A,1,) -> IN01S7503111-00
A66: IN | B66: 62 | C66: 01S8201310-00 | D66: =+VLOOKUP(C66,Sheet1!K:M,3,) -> RES-MO-SMD 8K2-1%-0603-100mW-55-155℃-TC100 | E66: 5000 | J66: 5000 | K66: =5000*1 -> 5000 | L66: =+K66-J66 -> 0 | N66: =+CONCATENATE(A66,C66) -> IN01S8201310-00 | O66: 62 | Q66: =+VLOOKUP(N66,Sheet2!A:A,1,) -> IN01S8201310-00
A67: IN | B67: 63 | C67: 01S9102310-00 | D67: =+VLOOKUP(C67,Sheet1!K:M,3,) -> RES-MO-SMD 91K-1%-0603-100mW-55-155℃-TC100 | F67: 10000 | J67: 10000 | K67: =5000*2 -> 10000 | L67: =+K67-J67 -> 0 | N67: =+CONCATENATE(A67,C67) -> IN01S9102310-00 | O67: 63 | Q67: =+VLOOKUP(N67,Sheet2!A:A,1,) -> IN01S9102310-00
A68: IN | B68: 64 | C68: 01S9103110-00 | D68: =+VLOOKUP(C68,Sheet1!K:M,3,) -> RES-MO-SMD 910K-1%-1206-250mW-55-155℃-TC100 | F68: 10000 | J68: 10000 | K68: =5000*2 -> 10000 | L68: =+K68-J68 -> 0 | N68: =+CONCATENATE(A68,C68) -> IN01S9103110-00 | O68: 64 | Q68: =+VLOOKUP(N68,Sheet2!A:A,1,) -> IN01S9103110-00
A69: IN | B69: 65 | C69: 02S1010520-00 | D69: =+VLOOKUP(C69,Sheet1!K:M,3,) -> CAP-CER-SMD 100P-5%-50V-0603-COG | E69: 4000 | J69: 4000 | K69: =4000*1 -> 4000 | L69: =+K69-J69 -> 0 | N69: =+CONCATENATE(A69,C69) -> IN02S1010520-00 | O69: 65 | Q69: =+VLOOKUP(N69,Sheet2!A:A,1,) -> IN02S1010520-00
A70: IN | B70: 66 | C70: 02S1012180-00 | D70: =+VLOOKUP(C70,Sheet1!K:M,3,) -> CAP-CER-SMD 100P-5%-1000V-1206-COG | E70: 21000 | J70: 21000 | K70: =3000*7 -> 21000 | L70: =+K70-J70 -> 0 | N70: =+CONCATENATE(A70,C70) -> IN02S1012180-00 | O70: 66 | Q70: =+VLOOKUP(N70,Sheet2!A:A,1,) -> IN02S1012180-00
A71: IN | B71: 67 | C71: 02S1021501-37 | D71: =+VLOOKUP(C71,Sheet1!K:M,3,) -> CAP-CER-Y1-SMD 1N-20%-400V-Y5U-7.8*5.4*2.45 | E71: 3000 | J71: 3000 | K71: =3000*1 -> 3000 | L71: =+K71-J71 -> 0 | N71: =+CONCATENATE(A71,C71) -> IN02S1021501-37 | O71: 67 | Q71: =+VLOOKUP(N71,Sheet2!A:A,1,) -> IN02S1021501-37
A72: IN | B72: 68 | C72: 02S1021990-00 | D72: =+VLOOKUP(C72,Sheet1!K:M,3,) -> CAP-CER-SMD 1N-10%-630V-1206-X7R | E72: 3000 | J72: 3000 | K72: =3000*1 -> 3000 | L72: =+K72-J72 -> 0 | N72: =+CONCATENATE(A72,C72) -> IN02S1021990-00 | O72: 68 | Q72: =+VLOOKUP(N72,Sheet2!A:A,1,) -> IN02S1021990-00
A73: IN | B73: 69 | C73: 02S1030530-00 | D73: =+VLOOKUP(C73,Sheet1!K:M,3,) -> CAP-CER-SMD 10N-10%-50V-0603-X7R | E73: 20000 | J73: 20000 | K73: =4000*5 -> 20000 | L73: =+K73-J73 -> 0 | N73: =+CONCATENATE(A73,C73) -> IN02S1030530-00 | O73: 69 | Q73: =+VLOOKUP(N73,Sheet2!A:A,1,) -> IN02S1030530-00
A74: IN | B74: 70 | C74: 02S1032180-00 | D74: =+VLOOKUP(C74,Sheet1!K:M,3,) -> CAP-CER-SMD 10N-10%-1000V-1206-X7R | H74: 48000 | J74: 48000 | K74: =3000*10+3000*6 -> 48000 | L74: =+K74-J74 -> 0 | N74: =+CONCATENATE(A74,C74) -> IN02S1032180-00 | O74: 70 | Q74: =+VLOOKUP(N74,Sheet2!A:A,1,) -> IN02S1032180-00
A75: IN | B75: 71 | C75: 02S1040530-00 | D75: =+VLOOKUP(C75,Sheet1!K:M,3,) -> CAP-CER-SMD 100N-10%-50V-0603-X7R | H75: 48000 | J75: 48000 | K75: =4000*12 -> 48000 | L75: =+K75-J75 -> 0 | N75: =+CONCATENATE(A75,C75) -> IN02S1040530-00 | O75: 71 | Q75: =+VLOOKUP(N75,Sheet2!A:A,1,) -> IN02S1040530-00
A76: IN | B76: 72 | C76: 02S1040860-00 | D76: =+VLOOKUP(C76,Sheet1!K:M,3,) -> CAP-CER-SMD 100N-10%-100V-0805-X7R | F76: 9000 | J76: 9000 | K76: =3000*3 -> 9000 | L76: =+K76-J76 -> 0 | N76: =+CONCATENATE(A76,C76) -> IN02S1040860-00 | O76: 72 | Q76: =+VLOOKUP(N76,Sheet2!A:A,1,) -> IN02S1040860-00
A77: IN | B77: 73 | C77: 02S1041290-00 | D77: =+VLOOKUP(C77,Sheet1!K:M,3,) -> CAP-CER-SMD 100N-10%-250V-1206-X7R | F77: 2000 | J77: 2000 | K77: =2000*1 -> 2000 | L77: =+K77-J77 -> 0 | N77: =+CONCATENATE(A77,C77) -> IN02S1041290-00 | O77: 73 | Q77: =+VLOOKUP(N77,Sheet2!A:A,1,) -> IN02S1041290-00
A78: IN | B78: 74 | C78: 02S1050230-00 | D78: =+VLOOKUP(C78,Sheet1!K:M,3,) -> CAP-CER-SMD 1U-10%-16V-0603-X7R | H78: 16000 | J78: 16000 | K78: =4000*4 -> 16000 | L78: =+K78-J78 -> 0 | N78: =+CONCATENATE(A78,C78) -> IN02S1050230-00 | O78: 74 | Q78: =+VLOOKUP(N78,Sheet2!A:A,1,) -> IN02S1050230-00
A79: IN | B79: 75 | C79: 02S1050801-00 | D79: =+VLOOKUP(C79,Sheet1!K:M,3,) -> CAP-CER-SMD 1U-10%-100V-1206-X7R | G79: 8000 | J79: 8000 | K79: =2000*4 -> 8000 | L79: =+K79-J79 -> 0 | N79: =+CONCATENATE(A79,C79) -> IN02S1050801-00 | O79: 75 | Q79: =+VLOOKUP(N79,Sheet2!A:A,1,) -> IN02S1050801-00
A80: IN | B80: 76 | C80: 02S2210510-00 | D80: =+VLOOKUP(C80,Sheet1!K:M,3,) -> CAP-CER-SMD 220P-5%-50V-0603-COG | G80: 16000 | J80: 16000 | K80: =4000*4 -> 16000 | L80: =+K80-J80 -> 0 | N80: =+CONCATENATE(A80,C80) -> IN02S2210510-00 | O80: 76 | Q80: =+VLOOKUP(N80,Sheet2!A:A,1,) -> IN02S2210510-00
A81: IN | B81: 77 | C81: 02S2212191-00 | D81: =+VLOOKUP(C81,Sheet1!K:M,3,) -> CAP-CER-SMD 220P-5%-1000V-1206-COG | H81: 6000 | J81: 6000 | K81: =2000*3 -> 6000 | L81: =+K81-J81 -> 0 | N81: =+CONCATENATE(A81,C81) -> IN02S2212191-00 | O81: 77 | Q81: =+VLOOKUP(N81,Sheet2!A:A,1,) -> IN02S2212191-00
A82: IN | B82: 78 | C82: 02S2240330-00 | D82: =+VLOOKUP(C82,Sheet1!K:M,3,) -> CAP-CER-SMD 220N-10%-25V-0603-X7R | H82: 8000 | J82: 8000 | K82: =4000*2 -> 8000 | L82: =+K82-J82 -> 0 | N82: =+CONCATENATE(A82,C82) -> IN02S2240330-00 | O82: 78 | Q82: =+VLOOKUP(N82,Sheet2!A:A,1,) -> IN02S2240330-00
A83: IN | B83: 79 | C83: 02S2240560-00 | D83: =+VLOOKUP(C83,Sheet1!K:M,3,) -> CAP-CER-SMD 220N-10%-50V-0805-X7R | E83: 2000 | J83: 2000 | K83: =2000*1 -> 2000 | L83: =+K83-J83 -> 0 | N83: =+CONCATENATE(A83,C83) -> IN02S2240560-00 | O83: 79 | Q83: =+VLOOKUP(N83,Sheet2!A:A,1,) -> IN02S2240560-00
A84: IN | B84: 80 | C84: 02S3320530-00 | D84: =+VLOOKUP(C84,Sheet1!K:M,3,) -> CAP-CER-SMD 3N3-10%-50V-0603-X7R | H84: 8000 | J84: 8000 | K84: =4000*2 -> 8000 | L84: =+K84-J84 -> 0 | N84: =+CONCATENATE(A84,C84) -> IN02S3320530-00 | O84: 80 | Q84: =+VLOOKUP(N84,Sheet2!A:A,1,) -> IN02S3320530-00
A85: IN | B85: 81 | C85: 02S4710521-00 | D85: =+VLOOKUP(C85,Sheet1!K:M,3,) -> CAP-CER-SMD 470P-5%-50V-0603-COG | E85: 4000 | J85: 4000 | K85: =4000*1 -> 4000 | L85: =+K85-J85 -> 0 | N85: =+CONCATENATE(A85,C85) -> IN02S4710521-00 | O85: 81 | Q85: =+VLOOKUP(N85,Sheet2!A:A,1,) -> IN02S4710521-00
A86: IN | B86: 82 | C86: 02S4712190-00 | D86: =+VLOOKUP(C86,Sheet1!K:M,3,) -> CAP-CER-SMD 470P-10%-1000V-1206-X7R | H86: 12000 | J86: 12000 | K86: =3000*4 -> 12000 | L86: =+K86-J86 -> 0 | N86: =+CONCATENATE(A86,C86) -> IN02S4712190-00 | O86: 82 | Q86: =+VLOOKUP(N86,Sheet2!A:A,1,) -> IN02S4712190-00
A87: IN | B87: 83 | C87: 02S4731990-00 | D87: =+VLOOKUP(C87,Sheet1!K:M,3,) -> CAP-CER-SMD 47N-10%-630V-1206-X7R | H87: 6000 | J87: 6000 | K87: =2000*3 -> 6000 | L87: =+K87-J87 -> 0 | N87: =+CONCATENATE(A87,C87) -> IN02S4731990-00 | O87: 83 | Q87: =+VLOOKUP(N87,Sheet2!A:A,1,) -> IN02S4731990-00
A88: IN | B88: 84 | C88: 02S4740230-00 | D88: =+VLOOKUP(C88,Sheet1!K:M,3,) -> CAP-CER-SMD 470N-10%-16V-0603-X7R | H88: 8000 | J88: 8000 | K88: =4000*2 -> 8000 | L88: =+K88-J88 -> 0 | N88: =+CONCATENATE(A88,C88) -> IN02S4740230-00 | O88: 84 | Q88: =+VLOOKUP(N88,Sheet2!A:A,1,) -> IN02S4740230-00
A89: IN | B89: 85 | C89: 02S4750590-00 | D89: =+VLOOKUP(C89,Sheet1!K:M,3,) -> CAP-CER-SMD 4U7-10%-50V-1206-X7R | H89: 8000 | J89: 8000 | K89: =2000*4 -> 8000 | L89: =+K89-J89 -> 0 | N89: =+CONCATENATE(A89,C89) -> IN02S4750590-00 | O89: 85 | Q89: =+VLOOKUP(N89,Sheet2!A:A,1,) -> IN02S4750590-00
A90: IN | B90: 86 | C90: 04S6010001-16 | D90: =+VLOOKUP(C90,Sheet1!K:M,3,) -> RES-GDT-SMD 1KA-600V-25%-4.5*3.2*2.7 | E90: 10000 | J90: 10000 | K90: =2500*4 -> 10000 | L90: =+K90-J90 -> 0 | N90: =+CONCATENATE(A90,C90) -> IN04S6010001-16 | O90: 86 | Q90: =+VLOOKUP(N90,Sheet2!A:A,1,) -> IN04S6010001-16
A91: IN | B91: 87 | C91: 04S6010001-19 | D91: =+VLOOKUP(C91,Sheet1!K:M,3,) -> RES-GDT-SMD 600V-30%-4.5*3.2*2.7 | G91: 7500 | J91: 7500 | K91: =2500*3 -> 7500 | L91: =+K91-J91 -> 0 | N91: =+CONCATENATE(A91,C91) -> IN04S6010001-19 | O91: 87 | Q91: =+VLOOKUP(N91,Sheet2!A:A,1,) -> IN04S6010001-19
A92: IN | B92: 88 | C92: 04S6010002-16 | D92: =+VLOOKUP(C92,Sheet1!K:M,3,) -> RES-GDT-SMD 600V-20%-4.5*3.2*3.2 | E92: 2200 | J92: 2200 | K92: =2200*1 -> 2200 | L92: =+K92-J92 -> 0 | N92: =+CONCATENATE(A92,C92) -> IN04S6010002-16 | O92: 88 | Q92: =+VLOOKUP(N92,Sheet2!A:A,1,) -> IN04S6010002-16
A93: IN | B93: 89 | C93: 04S6010501-21 | D93: =+VLOOKUP(C93,Sheet1!K:M,3,) -> RES-GDT-SMD 600V-20%-4.2*5*5 | H93: 6000 | J93: 6000 | K93: =1000*6 -> 6000 | L93: =+K93-J93 -> 0 | N93: =+CONCATENATE(A93,C93) -> IN04S6010501-21 | O93: 89 | Q93: =+VLOOKUP(N93,Sheet2!A:A,1,) -> IN04S6010501-21
A94: IN | B94: 90 | C94: 05S0000001-00 | D94: =+VLOOKUP(C94,Sheet1!K:M,3,) -> SEM-Pad-SMD T=3.4 4.6*2.6*3.4 | E94: 24000 | J94: 24000 | K94: =2000*12 -> 24000 | L94: =+K94-J94 -> 0 | N94: =+CONCATENATE(A94,C94) -> IN05S0000001-00 | O94: 90 | Q94: =+VLOOKUP(N94,Sheet2!A:A,1,) -> IN05S0000001-00
A95: IN | B95: 91 | C95: 05S1000002-06 | D95: =+VLOOKUP(C95,Sheet1!K:M,3,) -> SEM-HSD-SMD 600V-1A-35ns-175℃-SMA(DO-214AC) | E95: 20000 | J95: 20000 | K95: =5000*4 -> 20000 | L95: =+K95-J95 -> 0 | N95: =+CONCATENATE(A95,C95) -> IN05S1000002-06 | O95: 91 | Q95: =+VLOOKUP(N95,Sheet2!A:A,1,) -> IN05S1000002-06
A96: IN | B96: 92 | C96: 05S1000004-06 | D96: =+VLOOKUP(C96,Sheet1!K:M,3,) -> SEM-HSD-SMD 1A-1000V-75ns-150℃-SMA(DO-214AC) | H96: 15000 | J96: 15000 | K96: =5000*3 -> 15000 | L96: =+K96-J96 -> 0 | N96: =+CONCATENATE(A96,C96) -> IN05S1000004-06 | O96: 92 | Q96: =+VLOOKUP(N96,Sheet2!A:A,1,) -> IN05S1000004-06
A97: IN | B97: 93 | C97: 05S1414801-17 | D97: =+VLOOKUP(C97,Sheet1!K:M,3,) -> SEM-SWD-SMD 75V-150mA-150℃-SOD-323 | F97: 60000 | J97: 60000 | K97: =10000*6 -> 60000 | L97: =+K97-J97 -> 0 | N97: =+CONCATENATE(A97,C97) -> IN05S1414801-17 | O97: 93 | Q97: =+VLOOKUP(N97,Sheet2!A:A,1,) -> IN05S1414801-17
A98: IN | B98: 94 | C98: 05S2000001-06 | D98: =+VLOOKUP(C98,Sheet1!K:M,3,) -> SEM-HSD-SMD 1200V-2A-100ns-150℃-SMB(DO-214AA) | E98: 3000 | J98: 3000 | K98: =3000*1 -> 3000 | L98: =+K98-J98 -> 0 | N98: =+CONCATENATE(A98,C98) -> IN05S2000001-06 | O98: 94 | Q98: =+VLOOKUP(N98,Sheet2!A:A,1,) -> IN05S2000001-06
A99: IN | B99: 95 | C99: 05S3121000-18 | D99: =+VLOOKUP(C99,Sheet1!K:M,3,) -> SEM-ZD-SMD 12V-5%-5mA-0.2W-SOD-323 | G99: 6000 | J99: 6000 | K99: =3000*2 -> 6000 | L99: =+K99-J99 -> 0 | N99: =+CONCATENATE(A99,C99) -> IN05S3121000-18 | O99: 95 | Q99: =+VLOOKUP(N99,Sheet2!A:A,1,) -> IN05S3121000-18
A100: IN | B100: 96 | C100: 05S3161000-18 | D100: =+VLOOKUP(C100,Sheet1!K:M,3,) -> SEM-ZD-SMD 16V-5%-5mA-0.2W-SOD-323 | E100: 3000 | J100: 3000 | K100: =3000*1 -> 3000 | L100: =+K100-J100 -> 0 | N100: =+CONCATENATE(A100,C100) -> IN05S3161000-18 | O100: 96 | Q100: =+VLOOKUP(N100,Sheet2!A:A,1,) -> IN05S3161000-18
A101: IN | B101: 97 | C101: 05S5235100-18 | D101: =+VLOOKUP(C101,Sheet1!K:M,3,) -> SEM-ZD-SMD 6V8-5%-20mA-0.5W-SOD-123 | G101: 15000 | J101: 15000 | K101: =3000*5 -> 15000 | L101: =+K101-J101 -> 0 | N101: =+CONCATENATE(A101,C101) -> IN05S5235100-18 | O101: 97 | Q101: =+VLOOKUP(N101,Sheet2!A:A,1,) -> IN05S5235100-18
...

Sheet Sheet1
A1: Transfer Doc. | B1: Transfer Date | C1: Post or Not? | D1: Confirmation | E1: Dept | F1: Employee Name | G1: Applicant | H1: Department Name | I1: Remark | J1: Line No. | K1: Item No. | L1: Item Name | M1: Item Specification | N1: Transfer-out WH | O1: Store Name | P1: Transfer-out Lot | Q1: Transfer-Out Qty (Estimated) | R1: Inventory Unit | S1: Converted Qty | T1: Transfer-in WH | U1: Store Name | V1: Transfer-in Lot | W1: Custom Field - Value | X1: Custom Field - Value | Y1: Custom Field - Text | Z1: Custom Fields - Integer | AA1: Custom Field - Textedit
A2: I1202-25090028 | B2: 25/09/24 | C2: Y | D2: Y | E2: 80007 | F2: Sarvesh Joshi | G2: M000271 | H2: Stores | J2: 1 | K2: 02S1010520-00 | L2: CHIP CAP | M2: CAP-CER-SMD 100P-5%-50V-0603-COG | N2: 3000I | O2: Material Warehouse | P2: 20250819 | Q2: 4000 | R2: PCS | S2: 4000 | T2: 6001I | U2: Kinetic W/H | V2: 20250819 | W2: 0 | X2: 0 | Z2: 0
A3: I1202-25090028 | B3: 25/09/24 | C3: Y | D3: Y | E3: 80007 | F3: Sarvesh Joshi | G3: M000271 | H3: Stores | J3: 2 | K3: 07S4320001-12 | L3: CHIP V-Reg IC | M3: IC-Vol-Reg-SMD LA432OCRPA-125℃-SOT23-3L | N3: 3000I | O3: Material Warehouse | P3: 20250919 | Q3: 15000 | R3: PCS | S3: 15000 | T3: 6001I | U3: Kinetic W/H | V3: 20250919 | W3: 0 | X3: 0 | Z3: 0
A4: I1202-25090028 | B4: 25/09/24 | C4: Y | D4: Y | E4: 80007 | F4: Sarvesh Joshi | G4: M000271 | H4: Stores | J4: 3 | K4: 02S1021501-37 | L4: CHIP Y1-CAP(TMY1102M-Y) | M4: CAP-CER-Y1-SMD 1N-20%-400V-Y5U-7.8*5.4*2.45 | N4: 3000I | O4: Material Warehouse | P4: 20250603 | Q4: 3000 | R4: PCS | S4: 3000 | T4: 6001I | U4: Kinetic W/H | V4: 20250603 | W4: 0 | X4: 0 | Z4: 0
A5: I1202-25090028 | B5: 25/09/24 | C5: Y | D5: Y | E5: 80007 | F5: Sarvesh Joshi | G5: M000271 | H5: Stores | J5: 4 | K5: 13M0700040-00 | L5: Main PCB(EDC-075SXXXSVA REV:A) | M5: 279*218*1.6 FR-4 1/2 12PP Mirror copy board 83.15%-4 | N5: 3000I | O5: Material Warehouse | P5: 20250919 | Q5: 2004 | R5: PCS | S5: 2004 | T5: 6001I | U5: Kinetic W/H | V5: 20250919 | W5: 0 | X5: 0 | Z5: 0
A6: I1202-25090028 | B6: 25/09/24 | C6: Y | D6: Y | E6: 80007 | F6: Sarvesh Joshi | G6: M000271 | H6: Stores | J6: 5 | K6: 01S0000K21-00 | L6: CHIP RES | M6: RES-MO-SMD 0R-5%-0402-63mW-55-155℃-TC400 | N6: 3000I | O6: Material Warehouse | P6: 20250919 | Q6: 20000 | R6: PCS | S6: 20000 | T6: 6001I | U6: Kinetic W/H | V6: 20250919 | W6: 0 | X6: 0 | Z6: 0
A7: I1202-25090028 | B7: 25/09/24 | C7: Y | D7: Y | E7: 80007 | F7: Sarvesh Joshi | G7: M000271 | H7: Stores | J7: 6 | K7: 06S6955001-05 | L7: CHIP N-MOS-(STD6N95K5) | M7: SEM-N-MOS-SMD 950V-9A-1R25-150℃-TO-252(DPAK) | N7: 3000I | O7: Material Warehouse | P7: 20250901 | Q7: 2500 | R7: PCS | S7: 2500 | T7: 6001I | U7: Kinetic W/H | V7: 20250901 | W7: 0 | X7: 0 | Z7: 0
A8: I1202-25090028 | B8: 25/09/24 | C8: Y | D8: Y | E8: 80007 | F8: Sarvesh Joshi | G8: M000271 | H8: Stores | J8: 7 | K8: 04S6010001-16 | L8: CHIP Gas Discharge Tube-(S30-A600XS) | M8: RES-GDT-SMD 1KA-600V-25%-4.5*3.2*2.7 | N8: 3000I | O8: Material Warehouse | P8: 20250901 | Q8: 10000 | R8: PCS | S8: 10000 | T8: 6001I | U8: Kinetic W/H | V8: 20250901 | W8: 0 | X8: 0 | Z8: 0
A9: I1202-25090028 | B9: 25/09/24 | C9: Y | D9: Y | E9: 80007 | F9: Sarvesh Joshi | G9: M000271 | H9: Stores | J9: 9 | K9: 02S1021990-00 | L9: CHIP CAP | M9: CAP-CER-SMD 1N-10%-630V-1206-X7R | N9: 3000I | O9: Material Warehouse | P9: 20250819 | Q9: 3000 | R9: PCS | S9: 3000 | T9: 6001I | U9: Kinetic W/H | V9: 20250819 | W9: 0 | X9: 0 | Z9: 0
A10: I1202-25090028 | B10: 25/09/24 | C10: Y | D10: Y | E10: 80007 | F10: Sarvesh Joshi | G10: M000271 | H10: Stores | J10: 10 | K10: 01S1003311-13 | L10: CHIP Thermistor RES | M10: RES-NTC-SMD 100K-1%-84V-4050K-2.5A-0603 | N10: 3000I | O10: Material Warehouse | P10: 20250919 | Q10: 8000 | R10: PCS | S10: 8000 | T10: 6001I | U10: Kinetic W/H | V10: 20250919 | W10: 0 | X10: 0 | Z10: 0
A11: I1202-25090028 | B11: 25/09/24 | C11: Y | D11: Y | E11: 80007 | F11: Sarvesh Joshi | G11: M000271 | H11: Stores | J11: 11 | K11: 02S4710521-00 | L11: CHIP CAP | M11: CAP-CER-SMD 470P-5%-50V-0603-COG | N11: 3000I | O11: Material Warehouse | P11: 20250919 | Q11: 4000 | R11: PCS | S11: 4000 | T11: 6001I | U11: Kinetic W/H | V11: 20250919 | W11: 0 | X11: 0 | Z11: 0
A12: I1202-25090028 | B12: 25/09/24 | C12: Y | D12: Y | E12: 80007 | F12: Sarvesh Joshi | G12: M000271 | H12: Stores | J12: 12 | K12: 01S1002310-00 | L12: CHIP RES | M12: RES-MO-SMD 10K-1%-0603-100mW-55-155℃-TC100 | N12: 3000I | O12: Material Warehouse | P12: 20250819 | Q12: 30000 | R12: PCS | S12: 30000 | T12: 6001I | U12: Kinetic W/H | V12: 20250819 | W12: 0 | X12: 0 | Z12: 0
A13: I1202-25090028 | B13: 25/09/24 | C13: Y | D13: Y | E13: 80007 | F13: Sarvesh Joshi | G13: M000271 | H13: Stores | J13: 13 | K13: 02S1030530-00 | L13: CHIP CAP | M13: CAP-CER-SMD 10N-10%-50V-0603-X7R | N13: 3000I | O13: Material Warehouse | P13: 20250819 | Q13: 20000 | R13: PCS | S13: 20000 | T13: 6001I | U13: Kinetic W/H | V13: 20250819 | W13: 0 | X13: 0 | Z13: 0
... A125: I1202-25090031 | B125: 25/09/24 | C125: Y | D125: Y | E125: 80007 | F125: Sarvesh Joshi | G125: M000271 | H125: Stores | J125: 43 | K125: 13M1500076-00 | L125: Main PCB(EDC-150SXXXSV REV:A) | M125: 279*170*1.6 FR-4 1/2 6PP Mirror copy board 83.73%-6 | N125: 3000I | O125: Material Warehouse | P125: 20250919 | Q125: 2538 | R125: PCS | S125: 2538 | T125: 6001I | U125: Kinetic W/H | V125: 20250919 | W125: 0 | X125: 0 | Z125: 0

Sheet Sheet2
A1: Item Cd
A2: 01S1500110-00
A3: 01S5603210-00
A4: 086PCB001
A5: 0906-061DM001A0Y
A6: 0906E-706CS002A0Y
A7: 7646C-706S009A0Y
A8: 7646S-158TS001A0Y
A9: 7646T-057S001A0Y
A10: 7646T-057S003AOY
A11: 7646T-061ZMM002A0Y
A12: 7646T-061ZMM004A0Y
... A2208: Z114-091A0Y
